{
    "Arabica": [
        {
            "nama": "Arabica Cappucino",
            "foto": "images/produk/product_capuchino.jpg",
            "size": "200 ml",
            "harga": "200.000",
            "link": "https://shopee.co.id/eaifjlesjfi"
        },
        {
            "nama": "Arabica Toraja",
            "foto": "https://encrypted-tbn0.gstatic.com/images?q=tbn:ANd9GcQMft6XzsV2V6ehgrKUKCKs7Y2XVqquTm-sjIgfAg7PF97qOhzV8SXSDU8&s=10",
            "size": "180 ml",
            "harga": "150.000",
            "link": "https://shopee.co.id/eaifjlesjfi"
        },
        {
            "nama": "Arabica Gayo",
            "foto": "https://encrypted-tbn0.gstatic.com/images?q=tbn:ANd9GcR2cNiNUSiwbIbGyWyezGp3DkN8EK8Uq3wDeg&usqp=CAU",
            "size": "180 ml",
            "harga": "150.000",
            "link": "https://shopee.co.id/eaifjlesjfi"
        }
    ],
    "Robusta": [
        {
            "nama": "Robusta Kopsus",
            "foto": "images/produk/product_kopi_susu.jpg",
            "size": "200 ml",
            "harga": "150.000",
            "link": "https://shopee.co.id/eaifjlesjfi"
        },
        {
          "nama": "Robusta Flores",
          "foto": "https://encrypted-tbn0.gstatic.com/images?q=tbn:ANd9GcRyDXKho4Totg9-Gwx6-JTHYPfKT2N4Jk_o5Q&usqp=CAU",
          "harga": "150.000",
          "size": "180 ml",
          "link": "https://shopee.co.id/eaifjlesjfi"
        },
        {
          "nama": "Robusta Gula aren",
          "foto": "https://encrypted-tbn0.gstatic.com/images?q=tbn:ANd9GcS_seTfu-LT6hVFAiu1kOfjktrVfPAng9Qojw&usqp=CAU",
          "harga": "150.000",
          "size": "200 ml",
          "link": "https://shopee.co.id/eaifjlesjfi"
        }
    ],
    "Latte":[
        {
            "nama": "Vanilla Latte",
            "foto": "https://encrypted-tbn0.gstatic.com/images?q=tbn:ANd9GcSoMIAr9aH94_ppXjmOlYOc2NXyRwZhgmVJfo9Q7Hd0-Sq7crm4hlNx4yXi&s=10",
            "size": "200 ml",
            "harga": "180.000",
            "link": "https://shopee.co.id/eaifjlesjfi"
        },
        {
            "nama": "Mocca Latte",
            "foto": "https://encrypted-tbn0.gstatic.com/images?q=tbn:ANd9GcRseNjwI4N-curzDLf4kjm2petVKN6WpqasyLnaOY3Mmi6qeGzeGmQG0c-f&=10",
            "harga": "180.000",
            "size": "200 ml",
            "link": "https://shopee.co.id/eaifjlesjfi"
        },
        {
            "nama": "Caramel Latte",
            "foto": "https://encrypted-tbn0.gstatic.com/images?q=tbn:ANd9GcQ05Flrk3Z3BkqBaIWL0rzvu9ZNQDRG9fFgkbKvSgUEhoHA81r9XVbt5I8&s=10",
           "harga": "180.000",
            "size": "200 ml",
           "link": "https://shopee.co.id/eaifjlesjfi"
          }
      ]
}


